title,author,publisher,keywords
100일이면 나도 영어천재 1,이정은,미다스북스,"영어,외국어,학습"
100일이면 나도 영어천재 2,이정은,미다스북스,"영어,외국어,학습"
100일이면 나도 영어천재 3,이정은,미다스북스,"영어,외국어,학습"
10대를 위한 깜찍한 민법,서윤호,다른,"민법,교양,청소년"
10대를 위한 통일 이야기,라훈일,청파랑,"통일,남북한,사회"
21세기 기업가 정신,존 엘킹턴,마일스톤,"기업가,경제,경영"
40일간의 산업일주,남혁진,어바웃어북,"산업,시장,주식"
5분 뚝딱 철학,김필영,스마트북스,"철학,역사,서양"
ESG 시대의 사회적 가치와 지속가능경영,배종석,클라우드나인,"사회,지속가능,경영"
ESG 혁명이 온다,김재필,한스미디어,"혁명,ESG,경영"
The Black Book 검은 감정,설레다,휴머니스트,"감정,심리,에세이"
가녀장의 시대,이슬아,이야기장수,"소설,현대,시대"
가르칠 수 있는 용기,파커 J. 파머,한문화,"용기,교육,에세이"
가이아의 정원,토비 헤멘웨이,들녘,"이해,생태,디자인"
가족이지만 타인입니다,원정미,서사원,"가족,타인,심리"
가지꽃,박찬숙,푸른쉼표,"한국,소설,문학"
간호사를 간호하는 간호사,오성훈,경향BP,"간호사,에세이,간호"
건강과 다이어트를 동시에 잡는 채소·과일식,조승우,바이북스,"건강,채식,다이어트"
건축디자인 교과서,스즈키 토시히코,다빈치,"건축,디자인,인테리어"
건축시공학,강경인,대가,"건축,인테리어,실무"
검찰공화국 대한민국,김희수,삼인,"검찰,제도,문제"
게으름에 대한 찬양,버트런드 러셀,사회평론,"음송,철학자,지혜"
경영학 콘서트,장영재,비즈니스북스,"경영,전력,교양"
경제학 비타민,한순구,케이북스,"경제학,경제,일상"
경찰관속으로,원도,이후진프레스,"경찰관,사회,에세이"
계산된 삶,앤 차녹,허블,"계산,소설,SF"
계속 가보겠습니다,임은정,메디치미디어,"내부고발,기록,투쟁"
계속 가봅시다 남는 게 체력인데,정김경숙,웅진지식하우스,"도전,인생,교훈"
고대로부터의 통신,한국역사연구회 고대사 분과,푸른역사,"역사,고대사,한국"
"고등영어, 서술형이 전략이다",키 영어학습방법연구소,키출판사,"영어,고등,어법"
고릴라는 핸드폰을 미워해,박경화,북센스,"환경,보호,지구"
공대생도 잘 모르는 재미있는 공학 이야기,한화택,플루토,"공대,공학,과학"
공부 잘하는 아이는 이런 습관이 있습니다,신영환,서사원,"공부습관,교육,학습"
공정무역 세계여행,김이경,나무야,"공정무역,경제,상업"
공학기술과 팀워크,최유현,지호,"공학,기술,과학"
공학의 눈으로 미래를 설계하라,연세대학교 공과대학,해냄출판사,"공학,기술,산업"
공학이 일상으로 오기까지,마이클 맥레이,하이픈,"공학,발명,과학"
공학이 필요한 시간,이인식 외 19인,다산사이언스,"공학,기술,공업"
과일 길들이기의 역사,베른트 부르너,b.read(브레드),"농업,원예,재배"
과학과 신학의 대화 Q&A,바이오로고스,IVP,"종교,신앙,과학"
나 혼자만 알고 싶은 실전 심리,왕리,미디어숲,"심리,심리,철학"
달팽이 식당,오가와 이토,알에이치코리아,"문학,일본,소설"
대한민국 금리와 환율의 미래,김효신,트러스트북스,"경제학,금융,주식"
대한민국 소방관으로 산다는 것,김상현,다독임북스,"소방관,문학,에세이"
데이터 통신과 컴퓨터 네트워크,박기현,한빛아카데미,"데이터,통신,컴퓨터"
마시멜로 이야기,전지은,한국경제신문사,"청소년,성공,관리"
마음세탁소,황웅근,정신세계사,"철학,윤리,교훈"
마음챙김 미술관,김소울,타인의사유,"미술,예술,회화"
마지막 이야기 전달자,도나 바르바 이게라,위즈덤하우스,"문학,영미문학,소설"
마흔에 읽는 니체,장재형,유노북스,"서양,철학자,교훈"
말의 알고리즘,고은미,한밤의책,"철학,심리,습관"
밤이 선생이다,황현산,난다,"문학,수필,에세이"
법에도 심장이 있다면,박영화,행성B,"법학,에세이,법률"
보테로 가족의 사랑 약국,이선영,클레이하우스,"문학,약국,소설"
복지의 원리,양재진,한겨레출판사,"복지,사회,정치"
부의 치트키,김성공,토네이도,"성공,공학,경제"
부자들의 인간관계,스가와라 게이,쌤앤파커스,"마케팅,경제,혁신"
불편한 편의점 2,김호연,나무옆의자,"위로,문학,소설"
비상식적 성공 법칙,간다 마사노리,생각지도,"습관,경영,관리"
사람을 얻는 지혜,발타자르 그라시안,타커스,"지혜,철학자,교훈"
사람의 역사 기술의 역사,송성수,부산대학교출판문화원,"역사,기술,과학"
생명과학 연구윤리,최병인,지코사이언스,"생명,연구,윤리"
생명이 있는 것은 다 아름답다,최재천,효형출판,"동물,생명,인간"
생물 다양성을 보전할 수 있을까?,브뤼노 파디,민음인,"생물,생명,환경"
세계 시민주의,콰메 앤터니 애피아,바이북스,"민주,철학자,윤리"
세계건축기행,김석철,창작과비평사,"세계,건축,기행"
소비자의 마음을 분석하는 일을 합니다,김경진,프레너미,"소비자,심리,마케팅"
수학은 어떻게 문명을 만들었는가,마이클 브룩스,브론스테인,"수학,문명,역사"
수학은 어렵지만 미적분은 알고 싶어,요비노리 다쿠미,한스미디어,"수학,미분,적분"
수학자가 알려주는 전염의 원리,애덤 쿠차르스키,세종서적,"수학,교양,과학"
순간이 묻고 생각이 답하다,박희재,도도,"경영,관리,성공"
엉뚱한 체육 교과서,조종현,성안당,"교사,체육,교육"
에너지 세계 일주,블랑딘 앙투안,살림FRIENDS,"에너지,자원,경제"
여섯 번째 대멸종,엘리자베스 콜버트,쌤앤파커스,"환경,지구,생태학"
"재활용, 쓰레기를 다시 쓰는 법",이영주,사계절,"분리수거,환경,보호"
저 별은 모두 당신을 위해 빛나고 있다,손힘찬(오가타 마리토),떠오름(RISE),"에세이,위로,문학"
"전쟁과 약, 기나긴 악연의 역사",백승만,동아시아,"전쟁,역사,세계사"
젊은 ADHD의 슬픔,정지음,민음사,"심리,주의,에세이"
"차이나 쇼크, 한국의 선택",한청훤,사이드웨이,"중국,사회,경제"
차이에 관한 생각,프란스 드 발,세종서적,"생물,성,불평등"
참 괜찮은 태도,박지현,메이븐,"인생,위로,에세이"
참꽃 피는 마을,임의진,섬앤섬,"수필,한국,문학"
트렌드 코리아 2023,김난도,미래의창,"경제학,소비,분석"
행복의 기원,서은국,21세기북스,"교양,심리,과학"
행복의 정복,버트런드 러셀,사회평론,"철학,서양,인문"
행복한 소비 윤리적 소비,천경희,시그마프레스,"행복,소비,윤리"
협력의 유전자,니컬라 라이하니,한빛비즈,"진화,생명,유전"
혼자서 종이우산을 쓰고 가다,에쿠니 가오리,소담출판사,"일본,소설,여성"
혼자여서 좋은 직업,권남희,마음산책,"에세이,문학,번역"
홈in홈,태수,피카(FIKA),"에세이,문학,건축"
화폐의 추락,스티브 포브스,알에이치코리아,"화폐,경제,금융"
회복력 시대,제러미 리프킨,민음사,"진화,사회학,지구"
회복탄력성,김주환,위즈덤하우스,"대인관계,인생,심리"
"휴가 갈 땐, 주기율표",곽재식,초사흘달,"화학,공학,자연"
흙,이광수,문학과지성사,"문학,소설,한국"
흙에서 식탁까지,마크 뒤퓌미에,북스힐,"자연,생명,미생물"
희년,김근주,홍성사,"종교,기독교,한국"
야구잡썰,강해인,RHK,"야구,스포츠,에세이"
방구석 미술과.3: 가볍게 친해지는 서야 현대미술,조원재,블랙피쉬,"예술,미술,교양"
뇌가 힘들 땐 미술관에 가는 게 좋다,수전 매그새먼,월북,"미술,치료,심리"
